Title,Price,Shipping Cost,Number of Bids,Ending Time,Rating Stars,Number of Reviews
New ListingApple iPhone 14 Pro Max - 128 GB - Purple (Unlocked) (Single SIM),$500.00,$34.66 shipping,5 bids,6d 14h,5,10)10 product ratings - Apple iPhone 14 Pro Max - 128 GB - Purple (Unlocked) (Single SIM
APPLE IPHONE 14 PRO MAX 128GB 256GB 512GB 1TB (FACTORY UNLOCKED) ALL COLOR ✤O/B✤,$948.95 to $969.95,$63.19 shipping,N/A,N/A,5,2)2 product ratings - APPLE IPHONE 14 PRO MAX 128GB 256GB 512GB 1TB (FACTORY UNLOCKED) ALL COLOR ✤O/B✤
Apple iPhone 14 Pro Max 1TB Unlocked AT&T T-Mobile Verizon Very Good Condition,$869.95,$59.69 shipping,N/A,N/A,5,2)2 product ratings - Apple iPhone 14 Pro Max 1TB Unlocked AT&T T-Mobile Verizon Very Good Condition
OPEN Box Apple iphone 14 PRO MAX Factory Unlocked 256GB GSM CDMA All colors,$909.99,$61.09 shipping,N/A,N/A,5,6)6 product ratings - OPEN Box Apple iphone 14 PRO MAX Factory Unlocked 256GB GSM CDMA All colors
Apple iPhone 14 Pro Max -  Space Grey - FOR PARTS,$297.20,$62.00 shipping,N/A,N/A,N/A,N/A
Apple iPhone 14 Pro Max 128GB A2651 5G Unlocked - Good,$699.99,$53.74 shipping,N/A,N/A,5,10)10 product ratings - Apple iPhone 14 Pro Max 128GB A2651 5G Unlocked - Good
Apple iPhone 14 Pro Max - 128GB 256GB 512GB 1TB - All Colors - Good Condition,$629.00 to $829.00,$58.26 shipping,N/A,N/A,5,4)4 product ratings - Apple iPhone 14 Pro Max - 128GB 256GB 512GB 1TB - All Colors - Good Condition
Apple iPhone 14 Pro Max - 128GB 256GB 512GB 1TB - All Colors - Very Good,$680.00 to $800.00,$53.04 shipping,N/A,N/A,5,12)12 product ratings - Apple iPhone 14 Pro Max - 128GB 256GB 512GB 1TB - All Colors - Very Good
Apple iPhone 14 Pro Max 256GB Network Unlocked TESTED 100% Battery Purple,$789.99,$41.45 shipping,N/A,N/A,5,6)6 product ratings - Apple iPhone 14 Pro Max 256GB Network Unlocked TESTED 100% Battery Purple
New ListingApple iphone 14 PRO MAX A2651 Factory Unlocked 512GB GSM CDMA Phone,$945.99,$62.35 shipping,N/A,N/A,N/A,N/A
Apple iPhone 14 Pro Max A2651 Unlocked 128GB Deep Purple Good,$789.99,$56.89 shipping,N/A,N/A,5,3)3 product ratings - Apple iPhone 14 Pro Max A2651 Unlocked 128GB Deep Purple Good
Apple iPhone 14 Pro Max - 128GB - Deep Purple - (AT&T) - Good,$909.99,$61.09 shipping,N/A,N/A,5,3)3 product ratings - Apple iPhone 14 Pro Max - 128GB - Deep Purple - (AT&T) - Good
For iPhone 14 13 12 Mini Pro Max Mag Safe Magnetic Case Cover Screen Protector,$3.28 to $11.86,$29.56 shipping,N/A,N/A,N/A,N/A
Apple iPhone 14 Pro Max A2894 Unlocked 128GB Deep Purple Good,$769.99,$56.19 shipping,N/A,N/A,5,3)3 product ratings - Apple iPhone 14 Pro Max A2894 Unlocked 128GB Deep Purple Good
iPhone 14 Pro Max - Factory Unlocked - 256GB - Purple - Good,$769.00,$56.16 shipping,N/A,N/A,5,9)9 product ratings - iPhone 14 Pro Max - Factory Unlocked - 256GB - Purple - Good
Apple iPhone 14 Pro Max 128GB A2651 5G (AT&T) Only - Very Good,$629.99,$51.29 shipping,N/A,N/A,5,3)3 product ratings - Apple iPhone 14 Pro Max 128GB A2651 5G (AT&T) Only - Very Good
Apple iPhone 14 Pro Max 1TB Deep Purple Unlocked Good Condition,$877.99,$59.97 shipping,N/A,N/A,5,6)6 product ratings - Apple iPhone 14 Pro Max 1TB Deep Purple Unlocked Good Condition
Apple iPhone 14 Pro Max A2651 Unlocked 512GB Deep Purple Good,$849.99,$58.99 shipping,N/A,N/A,5,2)2 product ratings - Apple iPhone 14 Pro Max A2651 Unlocked 512GB Deep Purple Good
Apple iPhone 14 Pro Max A16 128GB 256GB 512GB 1TB Unlocked ⭐Tracking⭐,"$1,395.49 to $2,079.49",$25.49 shipping,N/A,N/A,5,6)6 product ratings - Apple iPhone 14 Pro Max A16 128GB 256GB 512GB 1TB Unlocked ⭐Tracking⭐
iPhone 14 Pro Max 128GB AT&T Locked Deep Purple - Very Good Condition,$860.00,$59.34 shipping,N/A,N/A,N/A,N/A
Apple iPhone 14 Pro Max - 128GB - Deep Purple (AT&T),"$1,200.00",$69.40 shipping,N/A,N/A,5,3)3 product ratings - Apple iPhone 14 Pro Max - 128GB - Deep Purple (AT&T
Apple iPhone 14 Pro Max 256GB AT&T Locked Excellent Condition,$819.95,$57.94 shipping,N/A,N/A,5,7)7 product ratings - Apple iPhone 14 Pro Max 256GB AT&T Locked Excellent Condition
"New Apple iPhone 14 Pro Max 6.7""120Hz Real Dual Sim Apple A16 48MP Phone ByFedEx","$1,379.69 to $2,027.69",$42.00 shipping,N/A,N/A,N/A,N/A
Apple iPhone 14 Pro Max Unlocked  Various Colors Smartphone New,"$1,849.99 to $2,699.95",$10.00 shipping,N/A,N/A,5,3)3 product ratings - Apple iPhone 14 Pro Max Unlocked  Various Colors Smartphone New
Apple iPhone 14 Pro Max - A2651 - 128 GB Unlocked DEEP PURPLE - MINT CONDITION,$865.00,$59.52 shipping,N/A,N/A,5,10)10 product ratings - Apple iPhone 14 Pro Max - A2651 - 128 GB Unlocked DEEP PURPLE - MINT CONDITION
Apple iPhone 14 Pro Max - 256GB - Purple - (AT&T) - Good,$959.99,$62.84 shipping,N/A,N/A,5,7)7 product ratings - Apple iPhone 14 Pro Max - 256GB - Purple - (AT&T) - Good
"Apple iPhone 14 Pro Max 128GB 6.7"" 120Hz Real Dual Sim A2896 48MP Phone By FedEx","$1,379.64",$42.00 shipping,N/A,N/A,N/A,N/A
"Apple iPhone 14 Pro Max 512GB 6.7"" 120Hz Real Dual Sim A2896 48MP Phone By FedEx","$1,797.63",$42.00 shipping,N/A,N/A,N/A,N/A
"Apple iPhone 14 Pro Max 1TB 6.7"" 120Hz Real Dual Sim A2896 48MP CN FREESHIP","$2,027.29",$42.00 shipping,N/A,N/A,5,"2)2 product ratings - Apple iPhone 14 Pro Max 1TB 6.7"" 120Hz Real Dual Sim A2896 48MP CN FREESHIP"
"Apple iPhone 14 Pro Max 1TB 6.7"" 120Hz Real Dual Sim A2896 48MP Phone By FedEx","$2,027.62",$42.00 shipping,N/A,N/A,N/A,N/A
Apple iPhone 14 Pro Max - 256GB - Purple - (AT&T) - Very Good,$989.99,$63.89 shipping,N/A,N/A,5,7)7 product ratings - Apple iPhone 14 Pro Max - 256GB - Purple - (AT&T) - Very Good
Apple iPhone 14 Pro Max A2651 Unlocked 128GB Deep Purple Very Good,$819.99,$57.94 shipping,N/A,N/A,5,3)3 product ratings - Apple iPhone 14 Pro Max A2651 Unlocked 128GB Deep Purple Very Good
